Date,Name,Year,Letterboxd URI,Rating
2023-03-04,Parasite,2019,https://boxd.it/hTha,5
2023-03-04,Pulp Fiction,1994,https://boxd.it/29Pq,5
2023-03-04,Midsommar,2019,https://boxd.it/jhxe,5
2023-03-04,Spider-Man: Into the Spider-Verse,2018,https://boxd.it/azpY,5
2023-03-04,Interstellar,2014,https://boxd.it/4VZ8,5
2023-03-05,Napoleon Dynamite,2004,https://boxd.it/20wu,4.5
2023-03-23,Cowboy Bebop,1998,https://boxd.it/ptES,5
2023-06-07,Spider-Man: Across the Spider-Verse,2023,https://boxd.it/kSz4,5
2023-06-08,My Neighbor Totoro,1988,https://boxd.it/20eA,5
2023-06-08,Venom,2018,https://boxd.it/b8wA,3.5
2023-06-08,Home Alone,1990,https://boxd.it/29Fg,3.5
2023-06-08,Venom: Let There Be Carnage,2021,https://boxd.it/llco,3
2023-06-08,65,2023,https://boxd.it/qbus,0.5
2023-06-08,In Bruges,2008,https://boxd.it/20n8,4.5
2023-06-08,Bolt,2008,https://boxd.it/1QXg,3.5
2023-06-08,Jurassic Park,1993,https://boxd.it/2aA2,5
2023-06-08,Baby Driver,2017,https://boxd.it/bhF2,4.5
2023-06-08,Kung Fu Panda 3,2016,https://boxd.it/4uRQ,3.5
2023-06-08,Squid Game,2021,https://boxd.it/x1OG,4
2023-06-08,The Last of the Mohicans,1992,https://boxd.it/1YSo,3.5
2023-06-08,Everything Everywhere All at Once,2022,https://boxd.it/jUk4,4
2023-06-08,The Great Gatsby,2013,https://boxd.it/JY,3.5
2023-06-08,Romeo + Juliet,1996,https://boxd.it/2ama,5
2023-06-08,Ratatouille,2007,https://boxd.it/27ww,3.5
2023-06-08,Finding Nemo,2003,https://boxd.it/72i,4
2023-06-08,The Nightmare Before Christmas,1993,https://boxd.it/1YzQ,5
2023-06-08,The Menu,2022,https://boxd.it/lScm,4.5
2023-06-08,Rashomon,1950,https://boxd.it/2a9K,4
2023-06-08,Black Panther,2018,https://boxd.it/8MHs,4
2023-06-08,Captain America: Civil War,2016,https://boxd.it/89Ja,4
2023-06-08,Doctor Strange,2016,https://boxd.it/8MH8,3.5
2023-06-08,Avengers: Age of Ultron,2015,https://boxd.it/3qi6,3.5
2023-06-08,Guardians of the Galaxy,2014,https://boxd.it/3VH2,4
2023-06-08,The Avengers,2012,https://boxd.it/1xFW,3
2023-06-08,Frozen,2013,https://boxd.it/3GNa,3.5
2023-06-08,Deadpool 2,2018,https://boxd.it/dlLM,4
2023-06-08,Thor: Ragnarok,2017,https://boxd.it/8MHi,4
2023-06-08,Eternals,2021,https://boxd.it/j36o,2.5
2023-06-08,Inside Out,2015,https://boxd.it/4KHC,3.5
2023-06-08,It,2017,https://boxd.it/bC8e,3.5
2023-06-08,The Dressmaker,2015,https://boxd.it/9sZy,3
2023-06-09,Cocaine Bear,2023,https://boxd.it/ugw2,2
2023-06-09,Black Adam,2022,https://boxd.it/fup0,1.5
2023-06-12,No Country for Old Men,2007,https://boxd.it/21ew,4.5
2023-06-19,Inception,2010,https://boxd.it/1skk,4.5
2023-06-22,Fantastic Mr. Fox,2009,https://boxd.it/1WyQ,5
2023-06-22,Harry Potter and the Philosopher's Stone,2001,https://boxd.it/29QS,4
2023-06-22,Harry Potter and the Chamber of Secrets,2002,https://boxd.it/29QI,3.5
2023-06-22,Fantastic Beasts and Where to Find Them,2016,https://boxd.it/7FPC,2
2023-06-25,Guardians of the Galaxy Vol. 3,2023,https://boxd.it/fVNI,2.5
2023-07-06,Hunt for the Wilderpeople,2016,https://boxd.it/cTgG,4.5
2023-07-09,Love & Basketball,2000,https://boxd.it/1Nu6,4
2023-07-12,The Batman,2022,https://boxd.it/eDGs,4
2023-07-13,Requiem for a Dream,2000,https://boxd.it/29VI,5
2023-07-13,Crawl,2019,https://boxd.it/iwYi,2.5
2023-07-16,Cloudy with a Chance of Meatballs 2,2013,https://boxd.it/3GMw,3
2023-07-18,Spider-Man: Far From Home,2019,https://boxd.it/fegG,4
2023-07-18,Deadpool,2016,https://boxd.it/9fOC,3.5
2023-07-19,Captain Marvel,2019,https://boxd.it/9vSA,3
2023-07-19,Coraline,2009,https://boxd.it/1NhQ,4.5
2023-07-20,Hereditary,2018,https://boxd.it/hNVe,4.5
2023-07-20,Batman Begins,2005,https://boxd.it/2aIg,3.5
2023-07-20,Aladdin,2019,https://boxd.it/eSjy,2
2023-07-20,Dark Phoenix,2019,https://boxd.it/anyO,2
2023-07-21,Shazam!,2019,https://boxd.it/8WBu,2
2023-07-21,The Secret Life of Walter Mitty,2013,https://boxd.it/3SWy,2.5
2023-07-21,Big Hero 6,2014,https://boxd.it/5rje,3.5
2023-07-23,Rio,2011,https://boxd.it/NKc,4.5
2023-07-24,Oppenheimer,2023,https://boxd.it/wUow,5
2023-07-26,The Dark Knight,2008,https://boxd.it/2b0k,4.5
2023-07-29,The Simpsons Movie,2007,https://boxd.it/6YU,3
2023-08-02,American Psycho,2000,https://boxd.it/28Vs,4
2023-08-03,Black Mirror: Be Right Back,2013,https://boxd.it/hRpw,4
2023-08-04,Come and See,1985,https://boxd.it/1w9q,5
2023-08-06,Okja,2017,https://boxd.it/dvXe,3
2023-08-07,Nope,2022,https://boxd.it/sDCe,3.5
2023-08-08,Doctor Strange in the Multiverse of Madness,2022,https://boxd.it/gaTc,2.5
2023-08-09,Jurassic World Dominion,2022,https://boxd.it/ikXW,1.5
2023-08-11,A Ghost Story,2017,https://boxd.it/fb0K,4.5
2023-08-12,Perfect Blue,1997,https://boxd.it/1W7A,5
2023-08-12,Loki,2021,https://boxd.it/sbHg,3
2023-08-12,WandaVision,2021,https://boxd.it/sbGW,4
2023-08-12,The Greatest Showman,2017,https://boxd.it/acjI,2.5
2023-08-12,Shang-Chi and the Legend of the Ten Rings,2021,https://boxd.it/kLDI,3.5
2023-08-12,Black Widow,2021,https://boxd.it/hWV8,2.5
2023-08-12,Ant-Man and the Wasp,2018,https://boxd.it/cqUW,3.5
2023-08-12,Captain America: The First Avenger,2011,https://boxd.it/28b0,3
2023-08-12,Captain America: The Winter Soldier,2014,https://boxd.it/3r58,3.5
2023-08-12,Iron Man,2008,https://boxd.it/28dA,3.5
2023-08-13,Castle in the Sky,1986,https://boxd.it/1W4G,3.5
2023-08-13,1917,2019,https://boxd.it/jj4y,4.5
2023-08-13,The Falcon and the Winter Soldier,2021,https://boxd.it/sbH6,3
2023-08-13,Coach Carter,2005,https://boxd.it/218e,3.5
2023-08-13,Space Jam,1996,https://boxd.it/26YO,2.5
2023-08-13,Sharknado,2013,https://boxd.it/69Qc,4
2023-08-13,White Men Can't Jump,1992,https://boxd.it/1WWy,4
2023-08-14,Sicario,2015,https://boxd.it/8i7u,5
2023-08-14,Saw,2004,https://boxd.it/2aWW,3.5
2023-08-15,The Adventures of Sharkboy and Lavagirl,2005,https://boxd.it/1Ozm,1.5
2023-08-16,The Wolf of Wall Street,2013,https://boxd.it/3C1m,2
2023-08-16,Black Mirror: The National Anthem,2011,https://boxd.it/hQYK,1.5
2023-08-17,Spider-Man,2002,https://boxd.it/2a8i,3.5
2023-08-18,Dunkirk,2017,https://boxd.it/d0Y6,4
2023-08-19,Blade Runner 2049,2017,https://boxd.it/b8wK,4.5
2023-08-20,The Lighthouse,2019,https://boxd.it/icFU,5
2023-08-20,The Witch,2015,https://boxd.it/9X0m,4.5
2023-08-21,Jurassic World,2015,https://boxd.it/4n0g,3
2023-08-21,Jurassic World: Fallen Kingdom,2018,https://boxd.it/bOnU,2
2023-08-21,The Lost World: Jurassic Park,1997,https://boxd.it/2azS,3.5
2023-08-21,Jurassic Park III,2001,https://boxd.it/2azI,3
2023-08-21,Black Panther: Wakanda Forever,2022,https://boxd.it/igPu,3.5
2023-08-21,Soul,2020,https://boxd.it/ioLA,3.5
2023-08-21,Skyscraper,2018,https://boxd.it/fVqa,2
2023-08-21,A Few Good Men,1992,https://boxd.it/29nw,2.5
2023-08-21,Black Mirror: The Entire History of You,2011,https://boxd.it/hQZ4,2.5
2023-08-21,Jumanji,1995,https://boxd.it/1ZLI,3.5
2023-08-21,Joker,2019,https://boxd.it/h4cS,3.5
2023-08-22,Free Guy,2021,https://boxd.it/k8dm,3
2023-08-23,Life,2017,https://boxd.it/dRqG,2.5
2023-08-24,Dark Waters,2019,https://boxd.it/kaYu,3
2023-08-25,Chernobyl,2019,https://boxd.it/mkbG,5
2023-08-26,Puss in Boots: The Last Wish,2022,https://boxd.it/aaie,4
2023-08-27,Titanic,1997,https://boxd.it/2a2k,3.5
2023-08-28,Nightcrawler,2014,https://boxd.it/780m,4.5
2023-09-01,About Time,2013,https://boxd.it/43bI,4
2023-09-01,Divergent,2014,https://boxd.it/4VT0,2
2023-09-02,Black Swan,2010,https://boxd.it/Sw0,4.5
2023-09-02,Where the Wild Things Are,2009,https://boxd.it/1K0C,3
2023-09-03,Django Unchained,2012,https://boxd.it/2cCk,4.5
2023-09-04,The Northman,2022,https://boxd.it/nK2s,4.5
2023-09-04,Guardians of the Galaxy Vol. 2,2017,https://boxd.it/8MxC,3.5
2023-09-04,The Meg,2018,https://boxd.it/bAL4,1.5
2023-09-04,Meg 2: The Trench,2023,https://boxd.it/mLvo,1
2023-09-05,"Miraculous: Ladybug & Cat Noir, The Movie",2023,https://boxd.it/hUGA,3
2023-09-05,Pirates of the Caribbean: The Curse of the Black Pearl,2003,https://boxd.it/70G,3
2023-09-05,Thor: Love and Thunder,2022,https://boxd.it/mMAY,3
2023-09-05,Naked,2017,https://boxd.it/fmDe,1
2023-09-05,Jumanji: The Next Level,2019,https://boxd.it/ixu4,2.5
2023-09-05,Jumanji: Welcome to the Jungle,2017,https://boxd.it/bUeE,3
2023-09-06,Enemy,2013,https://boxd.it/5xtO,4
2023-09-06,Spider-Man: No Way Home,2021,https://boxd.it/nwRw,3.5
2023-09-06,Aftersun,2022,https://boxd.it/Arw0,5
2023-09-06,This Is Where I Leave You,2014,https://boxd.it/73kQ,3
2023-09-06,The Ballad of Buster Scruggs,2018,https://boxd.it/jB2q,3
2023-09-07,Kung Fu Panda 2,2011,https://boxd.it/G36,3.5
2023-09-09,Knives Out,2019,https://boxd.it/jWEA,4
2023-09-10,Jojo Rabbit,2019,https://boxd.it/iEBG,3.5
2023-09-10,Edward Scissorhands,1990,https://boxd.it/2aZc,3
2023-09-10,Paper Planes,2014,https://boxd.it/8TYU,3.5
2023-09-11,The Princess Bride,1987,https://boxd.it/26EY,4
2023-09-11,Maleficent,2014,https://boxd.it/3v1u,2.5
2023-09-11,Rise of the Guardians,2012,https://boxd.it/2PXw,3
2023-09-11,The Lorax,2012,https://boxd.it/2w9M,3.5
2023-09-11,Home,2015,https://boxd.it/6JxA,2
2023-09-11,The Angry Birds Movie,2016,https://boxd.it/4PBu,3
2023-09-11,Wreck-It Ralph,2012,https://boxd.it/2TTS,3.5
2023-09-11,Monsters vs Aliens,2009,https://boxd.it/1M50,3.5
2023-09-11,Black Mirror: Fifteen Million Merits,2011,https://boxd.it/hQYU,3.5
2023-09-13,The Notebook,2004,https://boxd.it/1UNE,3
2023-09-14,Black Mirror: Nosedive,2016,https://boxd.it/hK9G,3
2023-09-14,Black Mirror: Playtest,2016,https://boxd.it/hRR6,3.5
2023-09-15,Black Mirror: Shut Up and Dance,2016,https://boxd.it/hRRq,4.5
2023-09-15,Black Mirror: White Bear,2013,https://boxd.it/hRpG,4
2023-09-15,Black Mirror: The Waldo Moment,2013,https://boxd.it/hRpQ,3
2023-09-15,Black Mirror: San Junipero,2016,https://boxd.it/k4aS,4
2023-09-16,Charlie and the Chocolate Factory,2005,https://boxd.it/2b68,3.5
2023-09-18,Your Name.,2016,https://boxd.it/cUqs,4.5
2023-09-18,The Godfather Part II,1974,https://boxd.it/2aNq,4.5
2023-09-18,The Godfather,1972,https://boxd.it/2aNK,4.5
2023-09-18,Babylon,2022,https://boxd.it/mM02,3.5
2023-09-18,Little Women,2019,https://boxd.it/aSVk,3.5
2023-09-19,It Chapter Two,2019,https://boxd.it/h10u,2.5
2023-09-21,Arrival,2016,https://boxd.it/aNGk,3
2023-09-22,Little Miss Sunshine,2006,https://boxd.it/29EW,4
2023-09-24,Trainspotting,1996,https://boxd.it/29XY,5
2023-09-25,The Super Mario Bros. Movie,2023,https://boxd.it/i8C8,3
2023-09-26,The Grand Budapest Hotel,2014,https://boxd.it/3ZqO,4
2023-09-27,Train to Busan,2016,https://boxd.it/dSQU,3.5
2023-09-27,The Social Network,2010,https://boxd.it/17ue,4
2023-10-02,The Cabinet of Dr. Caligari,1920,https://boxd.it/2aOo,4.5
2023-10-03,The Boogeyman,2023,https://boxd.it/jnna,2
2023-10-04,Scream,1996,https://boxd.it/24EC,4
2023-10-04,The Shining,1980,https://boxd.it/29Nu,4
2023-10-07,The Blair Witch Project,1999,https://boxd.it/26ua,4
2023-10-08,The Nun,2018,https://boxd.it/fBkw,1.5
2023-10-08,The Nun II,2023,https://boxd.it/AyRY,1
2023-10-10,X,2022,https://boxd.it/sxVa,2.5
2023-10-10,Pearl,2022,https://boxd.it/zPbe,3.5
2023-10-10,Black Mirror: White Christmas,2014,https://boxd.it/B3qu,4
2023-10-10,Suspiria,1977,https://boxd.it/1SNW,4.5
2023-10-11,Palm Springs,2020,https://boxd.it/lCXQ,4
2023-10-11,The Dark Knight Rises,2012,https://boxd.it/H3m,3.5
2023-10-11,Kung Fu Panda,2008,https://boxd.it/1Yws,4
2023-10-12,What We Do in the Shadows,2014,https://boxd.it/7eQy,4.5
2023-10-12,The Science of Fictions,2019,https://boxd.it/mMOQ,4
2023-10-12,Black Mirror: Men Against Fire,2016,https://boxd.it/hSBS,4
2023-10-14,Friday the 13th,1980,https://boxd.it/24fs,1.5
2023-10-15,It Follows,2014,https://boxd.it/87wo,3.5
2023-10-15,A Quiet Place,2018,https://boxd.it/fVJQ,3
2023-10-16,Spider-Man: Homecoming,2017,https://boxd.it/aboM,3.5
2023-10-16,Rio 2,2014,https://boxd.it/5jfy,3.5
2023-10-16,The Guardians of the Galaxy Holiday Special,2022,https://boxd.it/t77K,4
2023-10-16,Black Mirror: Hated in the Nation,2016,https://boxd.it/hSBI,3.5
2023-10-17,Get Out,2017,https://boxd.it/eOCm,5
2023-10-18,Pet Sematary,1989,https://boxd.it/1ZBy,3
2023-10-19,Apocalypse Now,1979,https://boxd.it/6ZS,5
2023-10-20,Insidious,2010,https://boxd.it/H4k,2.5
2023-10-21,The Secret World of Arrietty,2010,https://boxd.it/AF4,2.5
2023-10-21,The Host,2006,https://boxd.it/28ZY,3
2023-10-22,The Ring,2002,https://boxd.it/2a70,1.5
2023-10-24,Ring,1998,https://boxd.it/26tw,3
2023-10-24,Black Mirror: Arkangel,2017,https://boxd.it/hQXW,3
2023-10-25,Suicide Club,2001,https://boxd.it/1RkY,4
2023-10-25,Possession,1981,https://boxd.it/1BPm,4.5
2023-10-25,Black Mirror: Crocodile,2017,https://boxd.it/hRoS,3.5
2023-10-25,Black Mirror: Hang the DJ,2017,https://boxd.it/hQYA,4
2023-10-26,Blade,1998,https://boxd.it/1a8A,3.5
2023-10-27,Plan 9 from Outer Space,1957,https://boxd.it/1W50,1
2023-10-27,The Fly,1986,https://boxd.it/1YIe,4
2023-10-28,Black Mirror: USS Callister,2017,https://boxd.it/hQXi,4
2023-10-28,Black Mirror: Metalhead,2017,https://boxd.it/hRqk,2.5
2023-10-28,Black Mirror: Black Museum,2017,https://boxd.it/hRqu,4
2023-10-30,Us,2019,https://boxd.it/gnV6,4.5
2023-11-01,The Thing,1982,https://boxd.it/294O,5
2023-11-01,Eraserhead,1977,https://boxd.it/299u,5
2023-11-01,Madagascar,2005,https://boxd.it/29dc,3.5
2023-11-01,Studio 666,2022,https://boxd.it/xPEw,3
2023-11-03,The Last King of Scotland,2006,https://boxd.it/28FE,4
2023-11-03,Ferris Bueller's Day Off,1986,https://boxd.it/1YPY,4.5
2023-11-04,The Lost Boys,1987,https://boxd.it/28DI,4
2023-11-06,Moneyball,2011,https://boxd.it/glS,3.5
2023-11-07,Grown Ups,2010,https://boxd.it/169a,1.5
2023-11-07,Bodies Bodies Bodies,2022,https://boxd.it/iRcE,3
2023-11-08,Lady Bird,2017,https://boxd.it/dGNE,4.5
2023-11-08,"Red, White & Royal Blue",2023,https://boxd.it/z3iG,3
2023-11-10,The Hunger Games,2012,https://boxd.it/2uds,4
2023-11-10,The Worst Person in the World,2021,https://boxd.it/oyws,4
2023-11-11,Satantango,1994,https://boxd.it/1j9M,4.5
2023-11-13,The Mighty Ducks,1992,https://boxd.it/1Wka,3.5
2023-11-13,Guillermo del Toro's Pinocchio,2022,https://boxd.it/kjMW,4
2023-11-14,Jarhead,2005,https://boxd.it/70m,4
2023-11-14,The Killer,2023,https://boxd.it/u6WE,3.5
2023-11-15,Oldboy,2003,https://boxd.it/29R2,4.5
2023-11-15,Fight Club,1999,https://boxd.it/2a9q,4.5
2023-11-15,Primal Fear,1996,https://boxd.it/28ws,4
2023-11-15,The Wicker Man,1973,https://boxd.it/1KnG,4
2023-11-15,Shutter Island,2010,https://boxd.it/1U82,4
2023-11-18,The Whale,2022,https://boxd.it/tw4c,3.5
2023-11-21,Catch Me If You Can,2002,https://boxd.it/29VS,3.5
2023-11-21,Blue Velvet,1986,https://boxd.it/29BI,4.5
2023-11-21,Barbie,2023,https://boxd.it/bCLK,4
2023-11-26,Zodiac,2007,https://boxd.it/27MO,4.5
2023-11-28,Over the Garden Wall,2014,https://boxd.it/eqFw,5
2023-11-29,John Wick,2014,https://boxd.it/7dEc,1
2023-11-29,Glass Onion,2022,https://boxd.it/oCkK,3.5
2023-11-29,TÁR,2022,https://boxd.it/uNIA,4
2023-11-29,The Killing of a Sacred Deer,2017,https://boxd.it/dZ5G,4
2023-11-30,(500) Days of Summer,2009,https://boxd.it/1EmM,4.5
2023-12-01,The Grinch,2018,https://boxd.it/chpK,3.5
2023-12-01,Talk to Me,2022,https://boxd.it/C6uQ,4
2023-12-02,I'm Thinking of Ending Things,2020,https://boxd.it/i4IQ,4
2023-12-02,Hercules,1997,https://boxd.it/1SDW,3.5
2023-12-02,How the Grinch Stole Christmas,2000,https://boxd.it/1ZHQ,3.5
2023-12-02,Top Gun,1986,https://boxd.it/29JC,3.5
2023-12-03,Miracle on 34th Street,1947,https://boxd.it/1SRu,3.5
2023-12-03,GoodFellas,1990,https://boxd.it/29FA,4.5
2023-12-04,Eternal Sunshine of the Spotless Mind,2004,https://boxd.it/6YK,5
2023-12-04,Juno,2007,https://boxd.it/210a,3.5
2023-12-04,Bridget Jones's Diary,2001,https://boxd.it/29WQ,3
2023-12-04,Candy Cane Lane,2023,https://boxd.it/CGHw,2.5
2023-12-05,Good Will Hunting,1997,https://boxd.it/2ahY,4.5
2023-12-05,Teenage Mutant Ninja Turtles: We Wish You a Turtle Christmas,1994,https://boxd.it/4GNG,0.5
2023-12-06,Love Actually,2003,https://boxd.it/2aeU,4
2023-12-06,Before Sunset,2004,https://boxd.it/2bcg,4.5
2023-12-07,Blade Runner,1982,https://boxd.it/2bcA,4.5
2023-12-07,Four Christmases,2008,https://boxd.it/1SjM,1.5
2023-12-09,Before Sunrise,1995,https://boxd.it/2bcU,4.5
2023-12-09,It's a Wonderful Life,1946,https://boxd.it/28xA,3.5
2023-12-11,2001: A Space Odyssey,1968,https://boxd.it/2bf0,5
2023-12-12,Bringing Out the Dead,1999,https://boxd.it/1ZZK,5
2023-12-15,"Lock, Stock and Two Smoking Barrels",1998,https://boxd.it/2b92,4.5
2023-12-18,Crash,1996,https://boxd.it/29n2,4
2023-12-19,Fantastic Planet,1973,https://boxd.it/1KnQ,4.5
2023-12-19,Thunderstruck,2012,https://boxd.it/3YaA,1
2023-12-20,Gremlins,1984,https://boxd.it/29gg,3.5
2023-12-22,Marcel the Shell with Shoes On,2021,https://boxd.it/wMAk,5
2023-12-23,Last Night in Soho,2021,https://boxd.it/lbJC,4
2023-12-24,Office Christmas Party,2016,https://boxd.it/dpj8,2
2023-12-24,Elf,2003,https://boxd.it/1VyK,3.5
2023-12-25,Violent Night,2022,https://boxd.it/xXBA,4
2023-12-26,Saltburn,2023,https://boxd.it/z4eg,4
2023-12-30,Carol,2015,https://boxd.it/7DPK,3.5
2023-12-30,Se7en,1995,https://boxd.it/29zs,4.5
2023-12-30,Shaun of the Dead,2004,https://boxd.it/29J8,4
2023-12-31,Moonlight,2016,https://boxd.it/d6bE,5
2024-01-02,Martyrs,2008,https://boxd.it/1Yqu,5
2024-01-04,Dirty Dancing,1987,https://boxd.it/2baY,3.5
2024-01-06,Little Shop of Horrors,1986,https://boxd.it/1Vqm,4
2024-01-22,Past Lives,2023,https://boxd.it/oNB8,4
2024-01-22,Boy,2010,https://boxd.it/13RS,4.5
2024-01-22,Funny Games,1997,https://boxd.it/1WKM,5
2024-01-25,Paprika,2006,https://boxd.it/23wW,3.5
2024-01-25,Surf's Up,2007,https://boxd.it/1YKY,5
2024-01-25,Smithereens,1982,https://boxd.it/3hcS,4.5
2024-01-26,Winter Light,1963,https://boxd.it/1nrU,4
2024-01-30,Fargo,1996,https://boxd.it/2aHM,4
2024-01-31,Beau Is Afraid,2023,https://boxd.it/u2gE,4
2024-02-01,Maestro,2023,https://boxd.it/j0DE,3
2024-02-01,Toy Story,1995,https://boxd.it/29qA,3.5
2024-02-04,Two Hands,1999,https://boxd.it/1QcO,4.5
2024-02-04,10 Things I Hate About You,1999,https://boxd.it/23AO,4
2024-02-04,Murder on the Orient Express,2017,https://boxd.it/dHjA,3
2024-02-06,Memento,2000,https://boxd.it/2bcK,4
2024-02-09,The Lord of the Rings: The Fellowship of the Ring,2001,https://boxd.it/2b5O,5
2024-02-11,The Perks of Being a Wallflower,2012,https://boxd.it/2ZA8,4
2024-02-12,Too Many Cooks,2014,https://boxd.it/9AIK,4
2024-02-13,War Horse,2011,https://boxd.it/nf8,3.5
2024-02-13,Ashes and Diamonds,1958,https://boxd.it/23q0,4
2024-02-14,The Nice Guys,2016,https://boxd.it/94Hg,4
2024-02-15,La La Land,2016,https://boxd.it/a5fa,4
2024-02-15,Ant-Man,2015,https://boxd.it/3vmW,3.5
2024-02-15,Now You See Me 2,2016,https://boxd.it/99fw,3
2024-02-15,Ant-Man and the Wasp: Quantumania,2023,https://boxd.it/nL2y,3
2024-02-16,Elemental,2023,https://boxd.it/ASiE,2
2024-02-17,How to Train Your Dragon,2010,https://boxd.it/1WRy,4
2024-02-17,Gladiator,2000,https://boxd.it/2b9m,3.5
2024-02-17,Now You See Me,2013,https://boxd.it/2Bsu,3.5
2024-02-17,It,1990,https://boxd.it/26tG,3.5
2024-02-17,Asteroid City,2023,https://boxd.it/s3ds,3.5
2024-02-19,The Castle,1997,https://boxd.it/1Pho,4
2024-02-21,Bottoms,2023,https://boxd.it/uGf2,4
2024-02-23,City of God,2002,https://boxd.it/2a2a,5
2024-02-23,Death on the Nile,2022,https://boxd.it/ifpg,2
2024-02-27,Safe,1995,https://boxd.it/1gKU,4
2024-03-02,Leave the World Behind,2023,https://boxd.it/re0i,3.5
2024-03-03,Scott Pilgrim vs. the World,2010,https://boxd.it/1Aq6,4
2024-03-04,Creep,2014,https://boxd.it/7l4c,3
2024-03-04,The Lego Movie,2014,https://boxd.it/4pDO,4.5
2024-03-05,The Lego Movie 2: The Second Part,2019,https://boxd.it/8BAU,4
2024-03-09,The Piano,1993,https://boxd.it/29Kq,1.5
2024-03-10,Poor Things,2023,https://boxd.it/tNWU,4
2024-03-12,American Fiction,2023,https://boxd.it/DYHm,4
2024-03-13,Lost in Translation,2003,https://boxd.it/2b0E,2
2024-03-16,Titanic II,2010,https://boxd.it/QMg,0.5
2024-03-19,964 Pinocchio,1991,https://boxd.it/EhA,3
2024-03-25,Zoolander,2001,https://boxd.it/1YMA,3.5
2024-03-27,"Welcome Home, Roxy Carmichael",1990,https://boxd.it/1i6W,3.5
2024-03-27,End of Watch,2012,https://boxd.it/2F5O,4.5
2024-04-03,The Royal Tenenbaums,2001,https://boxd.it/1YHU,3.5
2024-04-03,There Will Be Blood,2007,https://boxd.it/20Z2,5
2024-04-03,Whiplash,2014,https://boxd.it/7bQA,5
2024-04-13,Pokémon Detective Pikachu,2019,https://boxd.it/fVA0,3.5
2024-04-13,WALL·E,2008,https://boxd.it/1VEo,4.5
2024-04-14,Guns Akimbo,2019,https://boxd.it/gkFu,1
2024-04-17,Murder Party,2021,https://boxd.it/wBfU,1.5
2024-04-17,Marriage Story,2019,https://boxd.it/hJAw,4.5
2024-04-28,Mickey Mouse Clubhouse: Mickey's Adventures in Wonderland,2009,https://boxd.it/8BBo,3.5
2024-04-29,Kill Bill: Vol. 1,2003,https://boxd.it/70w,4
2024-04-29,The Nightingale,2018,https://boxd.it/e1Ga,4
2024-04-30,Pride & Prejudice,2005,https://boxd.it/24u8,4
2024-05-02,Mulholland Drive,2001,https://boxd.it/297o,5
2024-05-08,The Talented Mr. Ripley,1999,https://boxd.it/2924,4
2024-05-15,The Lobster,2015,https://boxd.it/7tnw,4
2024-05-15,Ex Machina,2015,https://boxd.it/7T2k,4
2024-05-15,Kill Bill: Vol. 2,2004,https://boxd.it/2au4,4.5
2024-05-16,The Incredibles,2004,https://boxd.it/1XLm,4
2024-05-17,Don't Look Up,2021,https://boxd.it/o0Hc,1
2024-05-19,The Squid and the Whale,2005,https://boxd.it/1VAG,3.5
2024-05-20,Manchester by the Sea,2016,https://boxd.it/b2L0,4.5
2024-06-04,Borat: Cultural Learnings of America for Make Benefit Glorious Nation of Kazakhstan,2006,https://boxd.it/2agQ,4
2024-06-09,The Banshees of Inisherin,2022,https://boxd.it/p7XS,5
2024-06-10,Gone Girl,2014,https://boxd.it/6hQu,4.5
2024-06-10,Call Me by Your Name,2017,https://boxd.it/dYmm,2.5
2024-06-12,Cold Mountain,2003,https://boxd.it/270A,3.5
2024-06-12,Petite Maman,2021,https://boxd.it/s6je,3.5
2024-06-12,Cloudy with a Chance of Meatballs,2009,https://boxd.it/1A40,3.5
2024-06-12,Pokémon Heroes,2002,https://boxd.it/1eHE,3.5
2024-06-12,Toy Story 4,2019,https://boxd.it/9ALu,3
2024-06-12,Coco,2017,https://boxd.it/bYJQ,3.5
2024-06-12,Up,2009,https://boxd.it/1OEc,3.5
2024-06-12,Once Upon a Time... in Hollywood,2019,https://boxd.it/gH0O,4.5
2024-06-13,Drive,2011,https://boxd.it/IG,3
2024-06-14,The Irishman,2019,https://boxd.it/dYOq,4
2024-06-17,Mean Girls,2004,https://boxd.it/1VNg,3
2024-06-18,Dumb Money,2023,https://boxd.it/tNdU,3
2024-06-19,Anatomy of a Fall,2023,https://boxd.it/yuDE,4
2024-06-21,The Lord of the Rings: The Two Towers,2002,https://boxd.it/2b5E,5
2024-06-21,Under Paris,2024,https://boxd.it/BQFe,2.5
2024-06-29,Raiders of the Lost Ark,1981,https://boxd.it/2bbs,4.5
2024-06-29,Like Mike,2002,https://boxd.it/1Beq,2.5
2024-06-30,Brokeback Mountain,2005,https://boxd.it/2b2q,4
2024-07-02,The Lord of the Rings: The Return of the King,2003,https://boxd.it/2b5u,5
2024-07-02,Avengers: Infinity War,2018,https://boxd.it/9vEe,4
2024-07-02,Indiana Jones and the Temple of Doom,1984,https://boxd.it/2bb8,2.5
2024-07-03,The Inbetweeners Movie,2011,https://boxd.it/2v50,3.5
2024-07-03,Avengers: Endgame,2019,https://boxd.it/9vE4,4
2024-07-03,Indiana Jones and the Last Crusade,1989,https://boxd.it/2baO,4
2024-07-03,Lightyear,2022,https://boxd.it/qV1G,2
2024-07-04,Superbad,2007,https://boxd.it/20hO,2.5
2024-07-04,Birdman or (The Unexpected Virtue of Ignorance),2014,https://boxd.it/5RFA,4.5
2024-07-05,The Inbetweeners 2,2014,https://boxd.it/77a6,3.5
2024-07-05,Inglourious Basterds,2009,https://boxd.it/1JzG,5
2024-07-07,The Truman Show,1998,https://boxd.it/18U8,4.5
2024-07-08,Star Wars,1977,https://boxd.it/72s,4.5
2024-07-11,The Empire Strikes Back,1980,https://boxd.it/27Vw,5
2024-07-11,Snatch,2000,https://boxd.it/2b7U,4
2024-07-12,Zootopia,2016,https://boxd.it/84xS,3.5
2024-07-13,Return of the Jedi,1983,https://boxd.it/27Vm,4.5
2024-07-15,All Quiet on the Western Front,2022,https://boxd.it/H08,4.5
2024-07-15,The Hobbit: An Unexpected Journey,2012,https://boxd.it/GZk,4
2024-07-16,Sonic the Hedgehog,2020,https://boxd.it/gdK8,2
2024-07-19,The Fifth Element,1997,https://boxd.it/71k,4
2024-07-20,Do the Right Thing,1989,https://boxd.it/29gA,5
2024-08-22,The Silence of the Lambs,1991,https://boxd.it/2aHW,4
2024-08-27,Paul,2011,https://boxd.it/13uE,3
2024-08-27,The Shawshank Redemption,1994,https://boxd.it/2aHi,5
2024-08-28,The Holdovers,2023,https://boxd.it/vHza,4
2024-08-29,The Devil Wears Prada,2006,https://boxd.it/2awE,3.5
2024-09-02,Donnie Darko,2001,https://boxd.it/2b2A,5
2024-09-03,Lucy,2014,https://boxd.it/75hu,3
2024-09-03,The Martian,2015,https://boxd.it/8SeG,3
2024-09-03,Cars,2006,https://boxd.it/29ho,3.5
2024-09-04,"Monsters, Inc.",2001,https://boxd.it/2a46,4
2024-09-11,Coyote Ugly,2000,https://boxd.it/21PW,3.5
2024-09-12,A Beautiful Mind,2001,https://boxd.it/2amk,3.5
2024-09-16,The Doors,1991,https://boxd.it/1W18,4
2024-09-16,Bohemian Rhapsody,2018,https://boxd.it/f1TK,1.5
2024-09-18,Tropic Thunder,2008,https://boxd.it/20WM,4
2024-09-24,The Lego Batman Movie,2017,https://boxd.it/azp0,3.5
2024-09-25,Nocturnal Animals,2016,https://boxd.it/bkFu,4
2024-09-26,The Sixth Sense,1999,https://boxd.it/29Js,4
2024-09-26,Happy Gilmore,1996,https://boxd.it/1Yey,2.5
2024-09-28,The Departed,2006,https://boxd.it/28MA,4.5
2024-09-29,Grave of the Fireflies,1988,https://boxd.it/1RUM,5
2024-10-01,Jaws,1975,https://boxd.it/2a5e,4
2024-10-02,The Substance,2024,https://boxd.it/zanS,4.5
2024-10-04,Jesus Christ Vampire Hunter,2001,https://boxd.it/1KAA,3.5
2024-10-07,The Platform,2019,https://boxd.it/mUm6,3.5
2024-10-10,Seven Samurai,1954,https://boxd.it/2axi,5
2024-10-10,Men,2022,https://boxd.it/tlc0,2.5
2024-10-11,Predator,1987,https://boxd.it/2b84,4
2024-10-12,Beetlejuice,1988,https://boxd.it/24QI,3
2024-10-13,Hellraiser,1987,https://boxd.it/1Zpi,2
2024-10-13,Stand by Me,1986,https://boxd.it/2aOe,4
2024-10-14,The House That Jack Built,2018,https://boxd.it/dWO4,5
2024-10-14,Hairspray,2007,https://boxd.it/261M,3
2024-10-14,The Hills Have Eyes,1977,https://boxd.it/1Sa6,3
2024-10-15,Megalopolis,2024,https://boxd.it/lPBS,3.5
2024-10-16,Alien,1979,https://boxd.it/2awY,4.5
2024-10-20,Vivarium,2019,https://boxd.it/gmVE,2
2024-10-24,Goosebumps,2015,https://boxd.it/7Bp6,1.5
2024-10-31,Hubie Halloween,2020,https://boxd.it/mQwm,1.5
2024-11-01,Halloween,1978,https://boxd.it/2wRu,3.5
2024-11-01,Inside Out 2,2024,https://boxd.it/CFrC,3
2024-11-01,Challengers,2024,https://boxd.it/zld0,3
2024-11-01,A Time to Kill,1996,https://boxd.it/28pc,4
2024-11-02,"Paris, Texas",1984,https://boxd.it/29Ts,5
2024-11-06,Prisoners of the Land,1939,https://boxd.it/b4Gm,3.5
2024-11-06,Anyone But You,2023,https://boxd.it/EzA8,3
2024-11-06,The Usual Suspects,1995,https://boxd.it/29XE,3.5
2024-11-06,12 Angry Men,1957,https://boxd.it/2auI,4
2024-11-06,Before Midnight,2013,https://boxd.it/4ive,4
2024-11-07,Bullet Train,2022,https://boxd.it/qW26,3.5
2024-11-08,The Marvels,2023,https://boxd.it/mwU4,2
2024-11-09,Hit Man,2023,https://boxd.it/ANB2,3.5
2024-11-09,Woman of the Hour,2023,https://boxd.it/vuz2,3
2024-11-09,Luca,2021,https://boxd.it/ipjC,3
2024-11-09,Paddington,2014,https://boxd.it/3RKw,3.5
2024-11-09,Paddington 2,2017,https://boxd.it/bCF8,4
2024-11-10,Bronson,2008,https://boxd.it/1GM8,3.5
2024-11-10,The Big Short,2015,https://boxd.it/ajZw,3.5
2024-11-11,Baby Reindeer,2024,https://boxd.it/MwSa,4
2024-11-11,"Three Billboards Outside Ebbing, Missouri",2017,https://boxd.it/ceBS,4
2024-11-11,The Tree of Life,2011,https://boxd.it/1Zu8,4.5
2024-11-12,High and Low,1963,https://boxd.it/1RSc,5
2024-11-14,Dungeons & Dragons: Honor Among Thieves,2023,https://boxd.it/hN1A,3.5
2024-11-18,War and Peace,1967,https://boxd.it/1nRy,5
2024-11-27,Deadpool & Wolverine,2024,https://boxd.it/jq8s,3
2024-11-27,Tenet,2020,https://boxd.it/leq4,3
2024-11-28,Where the Crawdads Sing,2022,https://boxd.it/psLS,3.5
2024-11-29,Licorice Pizza,2021,https://boxd.it/qTKY,3.5
2024-11-29,Forrest Gump,1994,https://boxd.it/728,3.5
2024-11-30,BlacKkKlansman,2018,https://boxd.it/hxL8,4.5
2024-11-30,Game Night,2018,https://boxd.it/fRtu,3
2024-12-01,Hot Frosty,2024,https://boxd.it/NeBM,1
2024-12-01,Deck the Halls,2006,https://boxd.it/1Xpg,1.5
2024-12-01,Nutcrackers,2024,https://boxd.it/JEkO,2.5
2024-12-01,Holiday in the Wild,2019,https://boxd.it/jkLS,2.5
2024-12-02,Our Little Secret,2024,https://boxd.it/KVeA,3
2024-12-02,Christmas at the Amish Bakery,2023,https://boxd.it/GOrE,1
2024-12-03,The Holiday,2006,https://boxd.it/28ye,3.5
2024-12-03,Single All the Way,2021,https://boxd.it/uxks,2.5
2024-12-04,12 Gifts of Christmas,2015,https://boxd.it/crjW,1
2024-12-08,Klaus,2019,https://boxd.it/ipoi,4
2024-12-08,Noelle,2019,https://boxd.it/gdzE,2
2024-12-10,Spirited Away,2001,https://boxd.it/2b4m,4.5
2024-12-10,Little Italy,2018,https://boxd.it/j1w0,2
2024-12-10,Uncut Gems,2019,https://boxd.it/gXGc,3.5
2024-12-13,Prisoners,2013,https://boxd.it/4E5i,4.5
2024-12-13,But I'm a Cheerleader,1999,https://boxd.it/1CW4,4
2024-12-13,The Iron Claw,2023,https://boxd.it/w5Pm,4.5
2024-12-15,The Fall Guy,2024,https://boxd.it/s0Bm,3.5
2024-12-18,Red One,2024,https://boxd.it/vTBM,2.5
2024-12-21,Carry-On,2024,https://boxd.it/C0B2,3.5
2024-12-23,The Muppet Christmas Carol,1992,https://boxd.it/1WgC,4
2024-12-27,La Haine,1995,https://boxd.it/2as8,5
2024-12-28,Portrait of a Lady on Fire,2019,https://boxd.it/jkPq,4.5
2025-01-01,Stalker,1979,https://boxd.it/28PO,4.5
2025-01-01,Killers of the Flower Moon,2023,https://boxd.it/gHp0,4.5
2025-01-01,Boyhood,2014,https://boxd.it/3178,4
2025-01-01,The Hourglass Sanatorium,1973,https://boxd.it/OUW,5
2025-01-02,Immaculate,2024,https://boxd.it/Douw,3
2025-01-02,Clue,1985,https://boxd.it/1MDQ,3.5
2025-01-03,Ricky Stanicky,2024,https://boxd.it/CFjo,3
2025-01-05,Frances Ha,2012,https://boxd.it/41Xg,3.5
2025-01-06,Wallace & Gromit: Vengeance Most Fowl,2024,https://boxd.it/z14C,3.5
2025-01-06,Nosferatu,2024,https://boxd.it/f5eG,5
2025-01-06,Dune: Part Two,2024,https://boxd.it/pUfA,4.5
2025-01-06,Dune,2021,https://boxd.it/fA7G,4
